{
  "completed_experiments": [
    "none_coarse",
    "none_fine",
    "resample_coarse",
    "resample_fine",
    "weighted_loss_capped_coarse",
    "weighted_loss_capped_fine",
    "weighted_loss_coarse",
    "weighted_loss_fine"
  ],
  "results": {
    "none_coarse": {
      "balance": "none",
      "level": "coarse",
      "n_tracks": 131,
      "P_05": 0.015267175572519083,
      "R_05": 0.008905852417302799,
      "F_05": 0.009814612868047981,
      "P_30": 0.015267175572519083,
      "R_30": 0.008905852417302799,
      "F_30": 0.009814612868047981
    },
    "weighted_loss_coarse": {
      "balance": "weighted_loss",
      "level": "coarse",
      "n_tracks": 85,
      "P_05": 0.029708062453725013,
      "R_05": 0.8537247671590232,
      "F_05": 0.055778100044265935,
      "P_30": 0.03445431112302579,
      "R_30": 0.9398552754435108,
      "F_30": 0.06441106934035712
    },
    "weighted_loss_capped_coarse": {
      "balance": "weighted_loss_capped",
      "level": "coarse",
      "n_tracks": 131,
      "P_05": 0.17119701124425926,
      "R_05": 0.16776488672828288,
      "F_05": 0.1397534871756451,
      "P_30": 0.26085255402870877,
      "R_30": 0.22917688808025685,
      "F_30": 0.1990862920170857
    },
    "resample_coarse": {
      "balance": "resample",
      "level": "coarse",
      "n_tracks": 120,
      "P_05": 0.06393987192272411,
      "R_05": 0.44290495537291596,
      "F_05": 0.10248468572896699,
      "P_30": 0.1314894920428516,
      "R_30": 0.734650384015709,
      "F_30": 0.19097983718305883
    },
    "none_fine": {
      "balance": "none",
      "level": "fine",
      "n_tracks": 128,
      "P_05": 0.32826307822904055,
      "R_05": 0.0843589164084682,
      "F_05": 0.11111596232511445,
      "P_30": 0.45322071939378866,
      "R_30": 0.10894734583647428,
      "F_30": 0.14542153189920418
    },
    "weighted_loss_fine": {
      "balance": "weighted_loss",
      "level": "fine",
      "n_tracks": 127,
      "P_05": 0.11913559153403547,
      "R_05": 0.8840498068254076,
      "F_05": 0.199141159906007,
      "P_30": 0.13850057256652673,
      "R_30": 0.9679965059601268,
      "F_30": 0.22712714309716428
    },
    "weighted_loss_capped_fine": {
      "balance": "weighted_loss_capped",
      "level": "fine",
      "n_tracks": 128,
      "P_05": 0.19800825241494813,
      "R_05": 0.6525788290096756,
      "F_05": 0.2706683722524835,
      "P_30": 0.2838781113552566,
      "R_30": 0.8555159082546695,
      "F_30": 0.3764244934210989
    },
    "resample_fine": {
      "balance": "resample",
      "level": "fine",
      "n_tracks": 120,
      "P_05": 0.12280335479107987,
      "R_05": 0.8221373433683662,
      "F_05": 0.2029090629597292,
      "P_30": 0.15353820714774716,
      "R_30": 0.9664129668138796,
      "F_30": 0.24921241998575963
    }
  },
  "last_updated": 1781226619.9426248
}