{
  "n_tracks": 900,
  "within_suffix": {
    "n": 220664,
    "mean": 0.00245130496772245,
    "std": 0.002898589465629081
  },
  "cross_suffix": {
    "n": 74098,
    "mean": 0.002952081945126586,
    "std": 0.003466180243466307
  },
  "mannwhitney_u": 9005123738.5,
  "p_value": 0.0,
  "effect_size_r": -0.10149291508159841
}