{
  "n_pairs": 2215,
  "bf_05_mean": 0.4052370735029455,
  "bf_05_median": 0.3888888888888889,
  "bf_05_std": 0.16223341587680207,
  "bf_30_mean": 0.40543895207919384,
  "kappa_mean": 0.19080711558993743,
  "kappa_median": 0.07035928143712578,
  "iou_mean": 0.41257978610823065,
  "quadrant_counts": {
    "full_disagree": 1505,
    "label_only": 371,
    "boundary_only": 222,
    "high": 117
  }
}